Price,Prefecture
"2,628â~",gunma
"3,537â~",gunma
"3,991â~",gunma
"2,628â~",gunma
"2,628â~",gunma
"2,628â~",gunma
"2,628â~",gunma
"2,628â~",gunma
"2,810â~",gunma
"2,900â~",gunma
"2,900â~",gunma
"2,991â~",gunma
"3,082â~",gunma
"3,082â~",gunma
"3,082â~",gunma
"3,082â~",gunma
"3,082â~",gunma
"3,082â~",gunma
"3,082â~",gunma
"3,082â~",gunma
"3,082â~",gunma
"3,082â~",gunma
"3,082â~",gunma
"3,082â~",gunma
"3,082â~",gunma
"3,264â~",gunma
"3,264â~",gunma
"3,355â~",gunma
"3,355â~",gunma
"3,355â~",gunma
"3,355â~",gunma
"3,355â~",gunma
"3,355â~",gunma
"3,355â~",gunma
"3,355â~",gunma
"3,355â~",gunma
"3,446â~",gunma
"3,446â~",gunma
"3,537â~",gunma
"3,537â~",gunma
"3,537â~",gunma
"3,537â~",gunma
"3,537â~",gunma
"3,537â~",gunma
"3,537â~",gunma
"3,537â~",gunma
"3,537â~",gunma
"3,537â~",gunma
"3,537â~",gunma
"3,537â~",gunma
"3,537â~",gunma
"3,537â~",gunma
"3,628â~",gunma
"3,628â~",gunma
"3,628â~",gunma
"3,810â~",gunma
"3,810â~",gunma
"3,810â~",gunma
"3,810â~",gunma
"3,810â~",gunma
"3,810â~",gunma
"3,810â~",gunma
"3,810â~",gunma
"3,810â~",gunma
"3,810â~",gunma
"3,991â~",gunma
"3,991â~",gunma
"3,991â~",gunma
"3,991â~",gunma
"3,991â~",gunma
"3,991â~",gunma
"3,991â~",gunma
"3,991â~",gunma
"3,991â~",gunma
"3,991â~",gunma
"3,991â~",gunma
"4,173â~",gunma
"4,264â~",gunma
"4,264â~",gunma
"4,264â~",gunma
"4,264â~",gunma
"4,355â~",gunma
"4,446â~",gunma
"4,446â~",gunma
"4,446â~",gunma
"4,446â~",gunma
"4,446â~",gunma
"4,446â~",gunma
"4,446â~",gunma
"4,446â~",gunma
"4,719â~",gunma
"4,900â~",gunma
"4,900â~",gunma
"4,900â~",gunma
"4,900â~",gunma
"4,900â~",gunma
"5,173â~",gunma
"5,173â~",gunma
"5,355â~",gunma
"5,355â~",gunma
"5,355â~",gunma
"5,355â~",gunma
"5,355â~",gunma
"5,810â~",gunma
"5,810â~",gunma
"5,810â~",gunma
"5,810â~",gunma
"5,810â~",gunma
"5,810â~",gunma
"6,264â~",gunma
"6,264â~",gunma
"6,264â~",gunma
"6,264â~",gunma
"6,264â~",gunma
"6,264â~",gunma
"6,264â~",gunma
"6,719â~",gunma
"6,719â~",gunma
"6,719â~",gunma
"6,719â~",gunma
"7,173â~",gunma
"7,628â~",gunma
"7,628â~",gunma
"7,628â~",gunma
"7,628â~",gunma
"7,628â~",gunma
"8,082â~",gunma
"8,082â~",gunma
"8,082â~",gunma
"8,082â~",gunma
"8,082â~",gunma
"8,082â~",gunma
"8,082â~",gunma
"8,082â~",gunma
"8,082â~",gunma
"8,537â~",gunma
"8,537â~",gunma
"8,537â~",gunma
"8,537â~",gunma
"8,537â~",gunma
"8,537â~",gunma
"8,537â~",gunma
"8,537â~",gunma
"8,537â~",gunma
"8,537â~",gunma
"8,991â~",gunma
"8,991â~",gunma
"8,991â~",gunma
"8,991â~",gunma
"8,991â~",gunma
"9,446â~",gunma
"9,446â~",gunma
"9,446â~",gunma
"9,900â~",gunma
"9,900â~",gunma
"9,900â~",gunma
"10,355â~",gunma
"10,355â~",gunma
"10,355â~",gunma
"10,810â~",gunma
"10,810â~",gunma
"10,810â~",gunma
"11,264â~",gunma
"2,628â~",gunma
"5,810â~",gunma
"6,719â~",gunma
"2,628â~",gunma
"3,082â~",gunma
"3,082â~",gunma
"3,537â~",gunma
"3,537â~",gunma
"3,537â~",gunma
"3,537â~",gunma
"3,537â~",gunma
"3,991â~",gunma
"3,991â~",gunma
"3,991â~",gunma
"3,991â~",gunma
"3,991â~",gunma
"3,991â~",gunma
"3,991â~",gunma
"3,991â~",gunma
"3,991â~",gunma
"4,264â~",gunma
"4,446â~",gunma
"4,446â~",gunma
"4,446â~",gunma
"4,446â~",gunma
"4,446â~",gunma
"4,446â~",gunma
"4,446â~",gunma
"4,446â~",gunma
"4,446â~",gunma
"4,446â~",gunma
"4,446â~",gunma
"4,446â~",gunma
"4,446â~",gunma
"4,719â~",gunma
"4,900â~",gunma
"4,900â~",gunma
"4,900â~",gunma
"4,900â~",gunma
"4,900â~",gunma
"4,900â~",gunma
"4,900â~",gunma
"4,900â~",gunma
"4,900â~",gunma
"4,900â~",gunma
"4,900â~",gunma
"4,900â~",gunma
"5,355â~",gunma
"5,355â~",gunma
"5,355â~",gunma
"5,355â~",gunma
"5,355â~",gunma
"5,355â~",gunma
"5,355â~",gunma
"5,764â~",gunma
"5,810â~",gunma
"5,946â~",gunma
"5,946â~",gunma
"6,400â~",gunma
"6,400â~",gunma
"6,855â~",gunma
"6,855â~",gunma
"7,310â~",gunma
"7,310â~",gunma
"7,628â~",gunma
"7,628â~",gunma
"7,628â~",gunma
"7,628â~",gunma
"7,900â~",gunma
"8,355â~",gunma
"8,537â~",gunma
"8,537â~",gunma
"8,537â~",gunma
"8,537â~",gunma
"8,810â~",gunma
"8,991â~",gunma
"9,446â~",gunma
"9,446â~",gunma
"9,446â~",gunma
"9,446â~",gunma
"9,446â~",gunma
"9,446â~",gunma
"9,446â~",gunma
"10,355â~",gunma
"10,355â~",gunma
"10,355â~",gunma
"10,355â~",gunma
"10,355â~",gunma
"10,355â~",gunma
"10,355â~",gunma
"10,355â~",gunma
"11,264â~",gunma
"11,264â~",gunma
"11,264â~",gunma
"11,264â~",gunma
"11,264â~",gunma
"11,264â~",gunma
"11,719â~",gunma
"11,855â~",gunma
"11,855â~",gunma
"12,173â~",gunma
"12,173â~",gunma
"12,173â~",gunma
"12,764â~",gunma
"12,764â~",gunma
"13,082â~",gunma
"13,219â~",gunma
"13,219â~",gunma
"13,355â~",gunma
"14,264â~",gunma
"14,582â~",gunma
"14,582â~",gunma
"14,719â~",gunma
"16,082â~",gunma
"2,819â~",gunma
"5,182â~",gunma
"2,628â~",gunma
"4,900â~",gunma
"4,900â~",gunma
"2,628â~",gunma
"2,628â~",gunma
"3,082â~",gunma
"3,082â~",gunma
"3,082â~",gunma
"3,082â~",gunma
"3,082â~",gunma
"3,082â~",gunma
"3,537â~",gunma
"3,537â~",gunma
"3,537â~",gunma
"3,537â~",gunma
"3,810â~",gunma
"3,810â~",gunma
"3,991â~",gunma
"3,991â~",gunma
"3,991â~",gunma
"3,991â~",gunma
"3,991â~",gunma
"3,991â~",gunma
"4,446â~",gunma
"4,446â~",gunma
"4,446â~",gunma
"4,900â~",gunma
"4,900â~",gunma
"5,355â~",gunma
"5,355â~",gunma
"5,810â~",gunma
"5,810â~",gunma
"5,810â~",gunma
"6,719â~",gunma
"6,719â~",gunma
"6,719â~",gunma
"7,628â~",gunma
"7,628â~",gunma
"7,628â~",gunma
"7,628â~",gunma
"8,537â~",gunma
"8,537â~",gunma
"8,991â~",gunma
"8,991â~",gunma
"9,446â~",gunma
"9,446â~",gunma
"9,900â~",gunma
"10,355â~",gunma
"10,355â~",gunma
"10,355â~",gunma
"10,355â~",gunma
"10,355â~",gunma
"11,264â~",gunma
"2,446â~",gunma
"3,537â~",gunma
"3,991â~",gunma
"2,628â~",gunma
"2,628â~",gunma
"2,628â~",gunma
"2,628â~",gunma
"2,719â~",gunma
"2,900â~",gunma
"2,900â~",gunma
"3,082â~",gunma
"3,082â~",gunma
"3,082â~",gunma
"3,082â~",gunma
"3,082â~",gunma
"3,082â~",gunma
"3,082â~",gunma
"3,355â~",gunma
"3,355â~",gunma
"3,355â~",gunma
"3,355â~",gunma
"3,355â~",gunma
"3,537â~",gunma
"3,537â~",gunma
"3,537â~",gunma
"3,537â~",gunma
"3,537â~",gunma
"3,537â~",gunma
"3,719â~",gunma
"3,719â~",gunma
"3,810â~",gunma
"3,810â~",gunma
"3,810â~",gunma
"3,991â~",gunma
"3,991â~",gunma
"3,991â~",gunma
"3,991â~",gunma
"3,991â~",gunma
"3,991â~",gunma
"4,173â~",gunma
"4,173â~",gunma
"4,264â~",gunma
"4,264â~",gunma
"4,264â~",gunma
"4,446â~",gunma
"4,446â~",gunma
"4,446â~",gunma
"4,628â~",gunma
"4,628â~",gunma
"4,628â~",gunma
"4,719â~",gunma
"4,900â~",gunma
"4,900â~",gunma
"4,900â~",gunma
"4,900â~",gunma
"5,173â~",gunma
"5,355â~",gunma
"5,355â~",gunma
"5,355â~",gunma
"5,491â~",gunma
"5,491â~",gunma
"5,537â~",gunma
"5,764â~",gunma
"5,764â~",gunma
"5,810â~",gunma
"5,810â~",gunma
"6,128â~",gunma
"6,128â~",gunma
"6,264â~",gunma
"6,264â~",gunma
"6,719â~",gunma
"6,719â~",gunma
"6,719â~",gunma
"6,719â~",gunma
"6,719â~",gunma
"7,173â~",gunma
"7,173â~",gunma
"7,173â~",gunma
"7,173â~",gunma
"7,628â~",gunma
"7,628â~",gunma
"7,628â~",gunma
"7,628â~",gunma
"7,628â~",gunma
"7,628â~",gunma
"8,082â~",gunma
"8,082â~",gunma
"8,082â~",gunma
"8,537â~",gunma
"8,537â~",gunma
"8,537â~",gunma
"9,128â~",gunma
"9,582â~",gunma
"10,037â~",gunma
"2,364â~",gunma
"3,273â~",gunma
"4,910â~",gunma
"11,364â~",gunma
"11,728â~",gunma
"5,273â~",gunma
"5,364â~",gunma
"5,728â~",gunma
"5,819â~",gunma
"5,819â~",gunma
"6,182â~",gunma
"6,273â~",gunma
"6,273â~",gunma
"6,455â~",gunma
"6,637â~",gunma
"6,637â~",gunma
"6,728â~",gunma
"6,728â~",gunma
"6,728â~",gunma
"7,091â~",gunma
"7,091â~",gunma
"7,182â~",gunma
"7,182â~",gunma
"7,364â~",gunma
"7,546â~",gunma
"7,637â~",gunma
"7,637â~",gunma
"8,091â~",gunma
"8,273â~",gunma
"8,273â~",gunma
"8,455â~",gunma
"8,546â~",gunma
"8,910â~",gunma
"9,000â~",gunma
"9,637â~",gunma
"11,819â~",gunma
"12,273â~",gunma
"12,637â~",gunma
"12,728â~",gunma
"12,819â~",gunma
"13,091â~",gunma
"13,182â~",gunma
"13,182â~",gunma
"13,546â~",gunma
"13,546â~",gunma
"13,637â~",gunma
"14,000â~",gunma
"14,546â~",gunma
"14,910â~",gunma
"15,000â~",gunma
"15,091â~",gunma
"3,728â~",gunma
"5,182â~",gunma
"3,082â~",gunma
"5,810â~",gunma
"6,719â~",gunma
"3,082â~",gunma
"3,082â~",gunma
"3,355â~",gunma
"3,537â~",gunma
"3,537â~",gunma
"3,810â~",gunma
"3,810â~",gunma
"3,810â~",gunma
"3,991â~",gunma
"3,991â~",gunma
"3,991â~",gunma
"3,991â~",gunma
"3,991â~",gunma
"4,264â~",gunma
"4,264â~",gunma
"4,446â~",gunma
"4,446â~",gunma
"4,446â~",gunma
"4,446â~",gunma
"4,446â~",gunma
"4,446â~",gunma
"4,446â~",gunma
"4,446â~",gunma
"4,446â~",gunma
"4,446â~",gunma
"4,446â~",gunma
"4,446â~",gunma
"4,719â~",gunma
"4,719â~",gunma
"4,719â~",gunma
"4,719â~",gunma
"4,719â~",gunma
"4,900â~",gunma
"4,900â~",gunma
"4,900â~",gunma
"4,900â~",gunma
"4,900â~",gunma
"4,900â~",gunma
"4,900â~",gunma
"5,355â~",gunma
"5,355â~",gunma
"5,355â~",gunma
"5,355â~",gunma
"5,355â~",gunma
"5,810â~",gunma
"6,082â~",gunma
"6,537â~",gunma
"7,173â~",gunma
"7,628â~",gunma
"8,537â~",gunma
"8,537â~",gunma
"8,991â~",gunma
"9,446â~",gunma
"9,446â~",gunma
"9,446â~",gunma
"9,446â~",gunma
"9,446â~",gunma
"9,446â~",gunma
"10,355â~",gunma
"10,355â~",gunma
"10,355â~",gunma
"11,264â~",gunma
"11,264â~",gunma
"11,264â~",gunma
"11,719â~",gunma
"12,173â~",gunma
"12,173â~",gunma
"13,082â~",gunma
"4,900â~",gunma
"8,200â~",gunma
"8,600â~",gunma
"5,000â~",gunma
"5,200â~",gunma
"5,300â~",gunma
"5,300â~",gunma
"5,800â~",gunma
"9,200â~",gunma
"10,200â~",gunma
"4,746â~",gunma
"8,432â~",gunma
"9,341â~",gunma
"5,291â~",gunma
"5,500â~",gunma
"5,746â~",gunma
"5,746â~",gunma
"5,746â~",gunma
"5,746â~",gunma
"5,746â~",gunma
"6,200â~",gunma
"6,200â~",gunma
"9,750â~",gunma
"9,750â~",gunma
"10,250â~",gunma
"11,250â~",gunma
"5,273â~",gunma
"12,000â~",gunma
"12,182â~",gunma
"5,546â~",gunma
"5,728â~",gunma
"5,728â~",gunma
"5,728â~",gunma
"5,728â~",gunma
"6,000â~",gunma
"6,000â~",gunma
"6,091â~",gunma
"6,182â~",gunma
"6,182â~",gunma
"6,273â~",gunma
"6,546â~",gunma
"6,546â~",gunma
"6,546â~",gunma
"6,637â~",gunma
"6,637â~",gunma
"6,728â~",gunma
"6,728â~",gunma
"6,728â~",gunma
"6,819â~",gunma
"7,000â~",gunma
"7,000â~",gunma
"7,000â~",gunma
"7,091â~",gunma
"7,091â~",gunma
"7,182â~",gunma
"7,455â~",gunma
"7,546â~",gunma
"7,546â~",gunma
"7,637â~",gunma
"7,728â~",gunma
"7,910â~",gunma
"8,000â~",gunma
"12,637â~",gunma
"13,091â~",gunma
"13,546â~",gunma
"3,082â~",gunma
"5,810â~",gunma
"6,719â~",gunma
"3,082â~",gunma
"3,082â~",gunma
"3,082â~",gunma
"3,537â~",gunma
"3,537â~",gunma
"3,537â~",gunma
"3,537â~",gunma
"3,537â~",gunma
"3,537â~",gunma
"3,537â~",gunma
"3,537â~",gunma
"3,537â~",gunma
"3,537â~",gunma
"3,991â~",gunma
"3,991â~",gunma
"3,991â~",gunma
"3,991â~",gunma
"3,991â~",gunma
"3,991â~",gunma
"3,991â~",gunma
"4,446â~",gunma
"4,446â~",gunma
"4,446â~",gunma
"4,900â~",gunma
"4,900â~",gunma
"5,355â~",gunma
"6,719â~",gunma
"7,628â~",gunma
"7,628â~",gunma
"8,537â~",gunma
"8,537â~",gunma
"8,537â~",gunma
"8,537â~",gunma
"9,446â~",gunma
"9,446â~",gunma
"9,446â~",gunma
"9,446â~",gunma
"9,900â~",gunma
"10,355â~",gunma
"10,355â~",gunma
"10,355â~",gunma
"10,355â~",gunma
"10,355â~",gunma
"10,355â~",gunma
"10,355â~",gunma
"10,355â~",gunma
"10,810â~",gunma
"11,264â~",gunma
"11,264â~",gunma
"12,173â~",gunma
"12,173â~",gunma
[ã‡äz],gunma
[ã‡äz],gunma
"2,628â~",gunma
"5,810â~",gunma
"6,264â~",gunma
"3,082â~",gunma
"3,082â~",gunma
"3,082â~",gunma
"3,082â~",gunma
"3,082â~",gunma
"3,082â~",gunma
"3,082â~",gunma
"3,537â~",gunma
"3,537â~",gunma
"3,537â~",gunma
"3,537â~",gunma
"3,537â~",gunma
"3,537â~",gunma
"3,537â~",gunma
"3,537â~",gunma
"3,991â~",gunma
"3,991â~",gunma
"3,991â~",gunma
"3,991â~",gunma
"4,446â~",gunma
"4,446â~",gunma
"4,446â~",gunma
"4,900â~",gunma
"4,991â~",gunma
"5,446â~",gunma
"5,491â~",gunma
"5,491â~",gunma
"5,900â~",gunma
"5,946â~",gunma
"5,946â~",gunma
"6,400â~",gunma
"6,400â~",gunma
"6,719â~",gunma
"6,719â~",gunma
"6,719â~",gunma
"6,719â~",gunma
"7,628â~",gunma
"7,628â~",gunma
"7,628â~",gunma
"7,628â~",gunma
"7,628â~",gunma
"8,082â~",gunma
"8,537â~",gunma
"8,537â~",gunma
"8,537â~",gunma
"8,991â~",gunma
"8,991â~",gunma
"8,991â~",gunma
"9,900â~",gunma
"9,900â~",gunma
"10,037â~",gunma
"10,037â~",gunma
"10,355â~",gunma
"10,355â~",gunma
"10,491â~",gunma
"10,491â~",gunma
"10,537â~",gunma
"10,810â~",gunma
"10,946â~",gunma
"10,946â~",gunma
"10,991â~",gunma
"11,446â~",gunma
"11,855â~",gunma
"11,855â~",gunma
"12,310â~",gunma
"12,310â~",gunma
"12,355â~",gunma
"12,810â~",gunma
"13,082â~",gunma
"14,264â~",gunma
"14,264â~",gunma
"14,446â~",gunma
"14,446â~",gunma
"18,537â~",gunma
"18,991â~",gunma
"18,991â~",gunma
"20,355â~",gunma
"20,355â~",gunma
"20,810â~",gunma
"2,700â~",gunma
"4,264â~",gunma
"5,155â~",gunma
"11,700â~",gunma
"12,155â~",gunma
"6,246â~",gunma
"6,700â~",gunma
"4,546â~",gunma
"9,455â~",gunma
"9,637â~",gunma
"4,546â~",gunma
"5,182â~",gunma
"5,273â~",gunma
"5,455â~",gunma
"6,146â~",gunma
"6,146â~",gunma
"6,182â~",gunma
"6,537â~",gunma
"6,682â~",gunma
"7,328â~",gunma
"9,637â~",gunma
"10,600â~",gunma
"11,200â~",gunma
"3,891â~",gunma
"7,619â~",gunma
"7,619â~",gunma
"3,982â~",gunma
"3,982â~",gunma
"4,710â~",gunma
"8,528â~",gunma
"8,982â~",gunma
"10,346â~",gunma
"4,864â~",gunma
"8,364â~",gunma
"9,273â~",gunma
"6,037â~",gunma
"6,273â~",gunma
"6,273â~",gunma
"6,273â~",gunma
"6,273â~",gunma
"9,910â~",gunma
"10,819â~",gunma
"10,819â~",gunma
"3,519â~",gunma
"9,428â~",gunma
"9,882â~",gunma
"5,064â~",gunma
"5,337â~",gunma
"10,337â~",gunma
"10,791â~",gunma
"10,791â~",gunma
"11,246â~",gunma
"5,610â~",gunma
"4,146â~",gunma
"11,319â~",gunma
"6,500â~",gunma
"6,973â~",gunma
"6,973â~",gunma
"7,046â~",gunma
"7,428â~",gunma
"7,428â~",gunma
"7,882â~",gunma
"8,337â~",gunma
"8,791â~",gunma
"9,246â~",gunma
"11,319â~",gunma
"11,319â~",gunma
"11,773â~",gunma
"11,773â~",gunma
"13,591â~",gunma
"14,046â~",gunma
"14,046â~",gunma
"4,900â~",gunma
"8,537â~",gunma
"8,537â~",gunma
"4,900â~",gunma
"5,355â~",gunma
"8,537â~",gunma
"8,537â~",gunma
"8,991â~",gunma
"8,991â~",gunma
"5,091â~",gunma
"9,910â~",gunma
"10,364â~",gunma
"5,091â~",gunma
"5,364â~",gunma
"5,364â~",gunma
"5,364â~",gunma
"5,364â~",gunma
"5,637â~",gunma
"5,637â~",gunma
"5,637â~",gunma
"5,637â~",gunma
"5,910â~",gunma
"6,273â~",gunma
"6,546â~",gunma
"7,637â~",gunma
"7,910â~",gunma
"10,364â~",gunma
"10,364â~",gunma
"10,637â~",gunma
"10,819â~",gunma
"10,819â~",gunma
"11,273â~",gunma
"11,728â~",gunma
"12,637â~",gunma
"13,091â~",gunma
"6,273â~",gunma
"12,182â~",gunma
"12,182â~",gunma
"7,182â~",gunma
"7,182â~",gunma
"7,182â~",gunma
"7,182â~",gunma
"7,182â~",gunma
"7,182â~",gunma
"7,182â~",gunma
"7,364â~",gunma
"7,364â~",gunma
"8,182â~",gunma
"8,273â~",gunma
"8,910â~",gunma
"9,364â~",gunma
"9,364â~",gunma
"9,455â~",gunma
"9,910â~",gunma
"10,273â~",gunma
"10,273â~",gunma
"11,364â~",gunma
"11,364â~",gunma
"12,273â~",gunma
"12,910â~",gunma
"13,000â~",gunma
"13,091â~",gunma
"13,364â~",gunma
"13,364â~",gunma
"13,910â~",gunma
"13,910â~",gunma
"14,000â~",gunma
"14,182â~",gunma
"14,182â~",gunma
"14,273â~",gunma
"15,091â~",gunma
"16,182â~",gunma
"16,182â~",gunma
"16,273â~",gunma
"16,273â~",gunma
"17,091â~",gunma
"18,182â~",gunma
"18,182â~",gunma
"19,091â~",gunma
"20,273â~",gunma
"20,273â~",gunma
"21,091â~",gunma
"21,091â~",gunma
"25,091â~",gunma
"25,091â~",gunma
[ã‡äz],gunma
[ã‡äz],gunma
"2,791â~",gunma
"5,064â~",gunma
"5,064â~",gunma
"2,791â~",gunma
"2,791â~",gunma
"2,791â~",gunma
"3,246â~",gunma
"3,246â~",gunma
"5,519â~",gunma
"5,519â~",gunma
"5,519â~",gunma
"5,519â~",gunma
"5,973â~",gunma
"5,973â~",gunma
"1,337â~",gunma
"3,082â~",gunma
"3,991â~",gunma
"3,991â~",gunma
"3,082â~",gunma
"3,082â~",gunma
"3,264â~",gunma
"3,355â~",gunma
"3,537â~",gunma
"3,719â~",gunma
"3,719â~",gunma
"3,719â~",gunma
"3,810â~",gunma
"3,991â~",gunma
"3,991â~",gunma
"4,264â~",gunma
"4,264â~",gunma
"4,446â~",gunma
"4,719â~",gunma
"4,900â~",gunma
"4,900â~",gunma
"4,900â~",gunma
"4,991â~",gunma
"5,264â~",gunma
"5,355â~",gunma
"5,355â~",gunma
"5,810â~",gunma
"5,810â~",gunma
"6,264â~",gunma
"6,264â~",gunma
"6,264â~",gunma
"6,719â~",gunma
"6,719â~",gunma
"6,719â~",gunma
"6,719â~",gunma
"7,173â~",gunma
"7,173â~",gunma
"7,173â~",gunma
"7,628â~",gunma
"7,628â~",gunma
"7,628â~",gunma
"7,719â~",gunma
"8,082â~",gunma
"8,082â~",gunma
"8,537â~",gunma
"8,537â~",gunma
"8,537â~",gunma
"8,991â~",gunma
"8,991â~",gunma
"9,082â~",gunma
"9,537â~",gunma
"9,991â~",gunma
"2,364â~",gunma
"3,273â~",gunma
"5,546â~",gunma
"8,819â~",gunma
"9,455â~",gunma
"5,910â~",gunma
"5,910â~",gunma
"6,637â~",gunma
"7,000â~",gunma
"7,000â~",gunma
"7,364â~",gunma
"7,728â~",gunma
"7,728â~",gunma
"9,455â~",gunma
"10,728â~",gunma
"10,728â~",gunma
"10,819â~",gunma
"11,364â~",gunma
"11,455â~",gunma
"12,000â~",gunma
"12,728â~",gunma
"4,882â~",gunma
"7,610â~",gunma
"8,519â~",gunma
"5,500â~",gunma
"5,500â~",gunma
"5,500â~",gunma
"5,500â~",gunma
"5,500â~",gunma
"5,500â~",gunma
"8,519â~",gunma
"8,519â~",gunma
"8,519â~",gunma
"8,519â~",gunma
"8,519â~",gunma
"4,700â~",gunma
"9,500â~",gunma
"10,000â~",gunma
"4,800â~",gunma
"4,800â~",gunma
"4,800â~",gunma
"4,900â~",gunma
"4,900â~",gunma
"5,100â~",gunma
"5,100â~",gunma
"5,100â~",gunma
"5,300â~",gunma
"5,300â~",gunma
"5,300â~",gunma
"5,500â~",gunma
"5,500â~",gunma
"5,500â~",gunma
"5,700â~",gunma
"5,700â~",gunma
"6,000â~",gunma
"6,200â~",gunma
"6,400â~",gunma
"10,500â~",gunma
"10,500â~",gunma
"11,000â~",gunma
"11,000â~",gunma
"11,000â~",gunma
"11,000â~",gunma
"11,500â~",gunma
"11,500â~",gunma
"6,337â~",gunma
"11,155â~",gunma
"11,337â~",gunma
"6,519â~",gunma
"6,610â~",gunma
"6,791â~",gunma
"6,791â~",gunma
"6,882â~",gunma
"6,973â~",gunma
"6,973â~",gunma
"7,155â~",gunma
"7,337â~",gunma
"11,700â~",gunma
"11,882â~",gunma
"12,337â~",gunma
"12,791â~",gunma
"4,000â~",gunma
"9,000â~",gunma
"5,182â~",gunma
"5,182â~",gunma
"5,364â~",gunma
"5,364â~",gunma
"5,364â~",gunma
"5,637â~",gunma
"5,637â~",gunma
"5,637â~",gunma
"4,591â~",gunma
"7,182â~",gunma
"7,282â~",gunma
"4,691â~",gunma
"5,291â~",gunma
"6,091â~",gunma
"7,682â~",gunma
"7,682â~",gunma
"7,782â~",gunma
"8,182â~",gunma
"12,000â~",gunma
"12,000â~",gunma
"17,000â~",gunma
"17,000â~",gunma
"5,364â~",gunma
"10,637â~",gunma
"11,091â~",gunma
"5,637â~",gunma
"6,337â~",gunma
"11,610â~",gunma
"11,610â~",gunma
"6,791â~",gunma
"6,791â~",gunma
[ã‡äz],gunma
[ã‡äz],gunma
"6,546â~",gunma
"11,728â~",gunma
"13,546â~",gunma
"7,182â~",gunma
"7,546â~",gunma
"9,910â~",gunma
"4,064â~",gunma
"7,137â~",gunma
"7,319â~",gunma
"4,246â~",gunma
"4,519â~",gunma
"7,591â~",gunma
"7,700â~",gunma
"13,200â~",gunma
"5,819â~",gunma
"10,364â~",gunma
"11,728â~",gunma
"5,819â~",gunma
"6,728â~",gunma
"7,182â~",gunma
"7,182â~",gunma
"7,455â~",gunma
"12,182â~",gunma
"12,455â~",gunma
"12,455â~",gunma
"17,455â~",gunma
"17,455â~",gunma
"17,819â~",gunma
"22,819â~",gunma
"27,819â~",gunma
"11,328â~",gunma
"5,164â~",gunma
"9,437â~",gunma
"11,255â~",gunma
"7,164â~",gunma
"5,000â~",gunma
"6,000â~",gunma
"9,910â~",gunma
"10,455â~",gunma
"6,728â~",gunma
"6,728â~",gunma
"6,910â~",gunma
"6,910â~",gunma
"7,182â~",gunma
"7,273â~",gunma
"7,455â~",gunma
"10,910â~",gunma
"11,000â~",gunma
"11,046â~",gunma
"11,091â~",gunma
"11,182â~",gunma
"11,364â~",gunma
"12,000â~",gunma
"6,600â~",gunma
"10,200â~",gunma
"10,700â~",gunma
"6,600â~",gunma
"7,100â~",gunma
"7,600â~",gunma
"7,600â~",gunma
"8,100â~",gunma
"11,700â~",gunma
"12,200â~",gunma
"16,800â~",gunma
"16,800â~",gunma
"16,800â~",gunma
"16,800â~",gunma
"17,300â~",gunma
"17,300â~",gunma
"21,300â~",gunma
"21,300â~",gunma
"21,800â~",gunma
"21,800â~",gunma
"22,600â~",gunma
"23,300â~",gunma
"23,300â~",gunma
"23,800â~",gunma
"23,800â~",gunma
"27,600â~",gunma
"34,100â~",gunma
"3,555â~",gunma
"8,100â~",gunma
"8,100â~",gunma
"5,373â~",gunma
"8,100â~",gunma
"8,100â~",gunma
"11,737â~",gunma
"11,737â~",gunma
"4,473â~",gunma
"10,382â~",gunma
"5,564â~",gunma
[ã‡äz],gunma
[ã‡äz],gunma
"6,228â~",gunma
"10,337â~",gunma
"11,246â~",gunma
"7,064â~",gunma
"7,246â~",gunma
"7,337â~",gunma
"7,610â~",gunma
"8,246â~",gunma
"8,246â~",gunma
"8,700â~",gunma
"13,519â~",gunma
"13,519â~",gunma
"14,428â~",gunma
"15,337â~",gunma
"3,591â~",gunma
"7,900â~",gunma
"8,900â~",gunma
"4,700â~",gunma
"4,700â~",gunma
"5,000â~",gunma
"5,000â~",gunma
"8,900â~",gunma
"5,637â~",gunma
"10,637â~",gunma
"10,637â~",gunma
"5,637â~",gunma
"5,819â~",gunma
"6,546â~",gunma
"6,546â~",gunma
"6,546â~",gunma
"6,546â~",gunma
"7,455â~",gunma
"7,455â~",gunma
"8,000â~",gunma
"11,273â~",gunma
"11,273â~",gunma
"11,546â~",gunma
"11,546â~",gunma
"11,728â~",gunma
"11,728â~",gunma
"12,000â~",gunma
"12,182â~",gunma
"12,182â~",gunma
"12,637â~",gunma
"12,910â~",gunma
"13,091â~",gunma
"13,546â~",gunma
"10,928â~",gunma
"16,200â~",gunma
"16,200â~",gunma
"10,928â~",gunma
"11,928â~",gunma
"11,928â~",gunma
"14,200â~",gunma
"14,200â~",gunma
"15,200â~",gunma
"15,200â~",gunma
"20,382â~",gunma
"20,382â~",gunma
"20,382â~",gunma
"21,382â~",gunma
"21,382â~",gunma
"5,637â~",gunma
"7,455â~",gunma
"8,182â~",gunma
"6,364â~",gunma
"4,873â~",gunma
"8,510â~",gunma
"4,637â~",gunma
"11,364â~",gunma
"6,182â~",gunma
"6,455â~",gunma
"6,546â~",gunma
"7,182â~",gunma
"7,455â~",gunma
"6,637â~",gunma
"13,819â~",gunma
"14,728â~",gunma
"7,819â~",gunma
"8,273â~",gunma
"12,073â~",gunma
"18,528â~",gunma
"8,091â~",gunma
"13,000â~",gunma
"22,455â~",gunma
"18,000â~",gunma
"18,000â~",gunma
"22,455â~",gunma
"25,000â~",gunma
"25,000â~",gunma
"8,091â~",gunma
"14,955â~",gunma
"14,955â~",gunma
"8,091â~",gunma
"10,955â~",gunma
"10,955â~",gunma
[ã‡äz],gunma
[ã‡äz],gunma
"5,091â~",gunma
"9,455â~",gunma
"9,455â~",gunma
"5,364â~",gunma
"5,364â~",gunma
"5,364â~",gunma
"5,546â~",gunma
"5,546â~",gunma
"5,819â~",gunma
"5,819â~",gunma
"5,819â~",gunma
"6,000â~",gunma
"6,273â~",gunma
"6,273â~",gunma
"6,455â~",gunma
"6,455â~",gunma
"6,728â~",gunma
"6,728â~",gunma
"9,910â~",gunma
"9,910â~",gunma
"10,364â~",gunma
"10,364â~",gunma
"10,364â~",gunma
"10,364â~",gunma
"10,819â~",gunma
"10,819â~",gunma
"11,273â~",gunma
"11,273â~",gunma
"8,500â~",gunma
"10,319â~",gunma
"12,773â~",gunma
"8,682â~",gunma
"8,955â~",gunma
"9,137â~",gunma
"10,046â~",gunma
"10,046â~",gunma
"11,410â~",gunma
"11,864â~",gunma
"13,228â~",gunma
"13,682â~",gunma
"14,591â~",gunma
"15,500â~",gunma
"22,882â~",gunma
"33,791â~",gunma
"53,973â~",gunma
"22,882â~",gunma
"44,882â~",gunma
"44,882â~",gunma
"53,973â~",gunma
"6,228â~",gunma
"12,137â~",gunma
"6,228â~",gunma
"14,546â~",gunma
"27,273â~",gunma
[ã‡äz],gunma
[ã‡äz],gunma
